Cluster,Count,Proportion
0,3167,0.353854748603352
1,2939,0.32837988826815645
2,2844,0.31776536312849163
